INSERT INTO Nieruchomości VALUES
(1, 'Henryka Hubala-Dobrzańskiego', 365, 'Arłamów', 78, 319817, 0),
(2, 'Olchowa', 37, 'Kraków', 92, 900016, 0),
(3, 'Krakowska', 497, 'Gniezno', 324, 75498, 1),
(4, 'Podhalańska', 408, 'Rzeszów', 115, 206990, 1),
(5, 'Generała Władysława Andersa', 416, 'Zagórze Śląskie', 182, 769521, 0),
(6, 'Wolańska', 401, 'Płock', 48, 60343, 1),
(7, 'Władysława Reymonta', 406, 'Trzebnica', 88, 411447, 0),
(8, 'skwer o. Olgierda Kokocińskiego', 16, 'Malbork', 147, 946655, 0),
(9, 'Przyjazna', 416, 'Zakopane', 432, 859711, 1),
(10, 'Racławicka', 355, 'Pruszków', 191, 97118, 1),
(11, 'Spytki', 135, 'Zawiercie', 423, 713445, 0),
(12, 'Kresowa', 78, 'Gliwice', 99, 872241, 1),
(13, 'Nowatorska', 152, 'Hajnówka', 432, 732540, 1),
(14, 'Mieczysława Karłowicza', 146, 'Ciechanów', 393, 978786, 0),
(15, 'Dobra', 123, 'Siedlce', 87, 492337, 0),
(16, 'Porucznika Błażeja Wójcickiego', 493, 'Opalenica', 455, 455564, 0),
(17, 'Ziołowa', 394, 'Józefów', 343, 109288, 1),
(18, 'Gruntowa', 6, 'Cieszyn', 264, 131847, 0),
(19, 'Katedralna', 471, 'Zamość', 368, 629243, 1),
(20, 'Wolańska', 224, 'Duszniki Zdrój', 360, 984640, 1),
(21, 'Ojca Józefa Marii Bocheńskiego', 303, 'Bartoszyce', 165, 578271, 1),
(22, 'Juliusza Kossaka', 252, 'Międzybrodzie Żywieckie', 394, 613957, 1),
(23, 'Lwowska', 312, 'Bytom', 312, 68314, 1),
(24, 'Józefa Antalla', 413, 'Brok', 22, 398910, 1),
(25, 'Janusza Korczaka', 265, 'Rymanów', 45, 268230, 0),
(26, 'Świętego Wojciecha', 196, 'Ustroń', 308, 364722, 0),
(27, 'Żydowska', 89, 'Rybnik', 202, 529223, 0),
(28, 'Środkowa', 424, 'Kazimierz Dolny', 42, 628401, 0),
(29, 'Urocza', 430, 'Aleksandrów Łódzki', 121, 870939, 0),
(30, 'Generała Józefa Bema', 257, 'Zgłobice', 456, 427274, 1),
(31, 'Orzechowa', 47, 'Pobierowo', 499, 481970, 1),
(32, 'Czerwonych Klonów', 211, 'Nowy Sącz', 204, 70129, 1),
(33, 'Wiciarzy', 388, 'Jelenia Góra', 44, 466176, 0),
(34, 'Gorczańska', 443, 'Rumia', 377, 244489, 0),
(35, 'Aleksandra Fredry', 132, 'Świeradów-Zdrój', 195, 648179, 1),
(36, 'Księżycowa', 355, 'Bielsko-Biała', 326, 727146, 1),
(37, 'rondo Jerzego Giedroycia', 49, 'Braniewo', 190, 341809, 0),
(38, 'Wygodna', 56, 'Konstantynów Łódzki', 77, 516613, 0),
(39, 'Mikołaja Kopernika', 372, 'Szczecin', 59, 729706, 0),
(40, 'Kwiatowa', 275, 'Kutno', 205, 978423, 1),
(41, 'Jana Leńka', 215, 'Władysławowo', 179, 655937, 1),
(42, 'Kleofasa Stanisza', 271, 'Giżycko', 269, 952861, 1),
(43, 'Porucznika Błażeja Wójcickiego', 248, 'Warszawa', 56, 708926, 0),
(44, 'Małe Schody', 337, 'Koleczkowo', 167, 377858, 0),
(45, 'Jabłoniowa', 432, 'Zgłobice', 45, 691771, 0),
(46, 'skwer Skwer Debory Wechsler', 423, 'Pisz', 387, 629900, 0),
(47, 'Bolesława Leszczyńskiego', 94, 'Mszczonów', 463, 133304, 0),
(48, 'Robotnicza', 67, 'Warszawa', 392, 684869, 1),
(49, 'Ignacego Paderewskiego', 317, 'Legnica', 364, 781377, 0),
(50, 'Mirona Białoszewskiego', 359, 'Świebodzin', 307, 746154, 1)

INSERT INTO Domy VALUES
(5, 'wolnostojący', 6, 'gaz'),
(6, 'szeregowiec', 7, 'gaz'),
(9, 'gospodarstwo', 5, 'prąd'),
(11, 'szeregowiec', 6, 'paliwo stałe'),
(12, 'wolnostojący', 6, 'gaz'),
(15, 'letniskowy', 5, 'paliwo stałe'),
(16, 'gospodarstwo', 9, 'sieć miejska'),
(17, 'wolnostojący', 6, 'sieć miejska'),
(19, 'wolnostojący', 9, 'sieć miejska'),
(21, 'wolnostojący', 4, 'gaz'),
(22, 'szeregowiec', 9, 'gaz'),
(25, 'wolnostojący', 4, 'prąd'),
(27, 'gospodarstwo', 8, 'paliwo stałe'),
(33, 'wolnostojący', 6, 'paliwo stałe'),
(35, 'gospodarstwo', 8, 'gaz'),
(36, 'wolnostojący', 6, 'prąd'),
(39, 'szeregowiec', 4, 'prąd'),
(41, 'letniskowy', 7, 'gaz'),
(45, 'wolnostojący', 10, 'gaz'),
(48, 'bliźniak', 6, 'sieć miejska')

INSERT INTO Mieszkania VALUES
(1, 'blok', 4, 1, 1),
(3, 'apartamentowiec', 3, 0, 1),
(10, 'apartamentowiec', 10, 0, 0),
(14, 'apartamentowiec', 8, 1, 1),
(18, 'apartamentowiec', 6, 1, 0),
(20, 'kamienica', 1, 0, 0),
(26, 'kamienica', 9, 1, 1),
(28, 'blok', 7, 0, 0),
(30, 'apartamentowiec', 8, 0, 1),
(31, 'blok', 1, 0, 0),
(38, 'blok', 9, 1, 0),
(42, 'apartamentowiec', 7, 0, 0),
(47, 'blok', 8, 0, 1),
(50, 'blok', 6, 0, 1)

INSERT INTO Działki VALUES
(2, 'inwestycjyjna', 0, 0, 0, 0),
(4, 'budowlana', 1, 1, 1, 1),
(7, 'rolna', 1, 0, 0, 0),
(8, 'rekreacyjna', 0, 0, 0, 0),
(13, 'ogródek działkowy', 1, 1, 0, 0),
(23, 'siedliskowa', 0, 1, 0, 1),
(24, 'ogródek działkowy', 0, 1, 0, 0),
(29, 'leśna', 0, 0, 1, 1),
(32, 'rolna', 0, 0, 0, 1),
(34, 'siedliskowa', 0, 1, 0, 1),
(37, 'rekreacyjna', 0, 1, 0, 0),
(40, 'siedliskowa', 0, 1, 0, 0),
(43, 'rolna', 0, 1, 0, 0),
(44, 'rekreacyjna', 1, 0, 1, 0),
(46, 'rolna', 1, 0, 0, 0),
(49, 'siedliskowa', 0, 1, 0, 1)

INSERT INTO Osoby VALUES
('93011904788', 'Agata', 'Kania', '112507091'), 
('36070142243', 'Anita', 'Kosińska', '340002537'),
('94081458182', 'Marianna', 'Zakrzewska', '584732495'),
('81072745314', 'Ireneusz', 'Kasprzak', '495521439'),
('20082281942', 'Hildegarda', 'Kowalewska', '882012641'),
('31072069990', 'Erwin', 'Kołodziej', '232340543'),
('10300356413', 'Benedykt', 'Górecki', '136182252'),
('42071294964', 'Paulina', 'Baranowska', '931465801'),
('86072900736', 'Feliks', 'Jankowski', '720584059'),
('51050368561', 'Violetta', 'Świątek', '286461552'),
('73082903518', 'Teodor', 'Polak', '565958826'),
('38051554568', 'Joanna', 'Musiał', '070557960'),
('06222615688', 'Honorata', 'Matuszewska', '204874252'),
('37081804911', 'Gracjan', 'Krupa', '538163714'),
('65020548648', 'Agnieszka', 'Sikorska', '257291959'),
('98032847584', 'Małgorzata', 'Kozak', '003730550'),
('72072732965', 'Roksana', 'Marek', '489908836'),
('08211717919', 'Władysław', 'Stefański', '058012948'),
('84091587387', 'Martyna', 'Mazur', '026926978'),
('08230862902', 'Lucyna', 'Jasińska', '252184446'),
('35020376651', 'Dorian', 'Markowski', '425606803'),
('14270861456', 'Oskar', 'Mazur', '043295145'),
('22110855460', 'Adrianna', 'Bielecka', '086278942'),
('50021223412', 'Norbert', 'Owczarek', '599432490'),
('72060266230', 'Tymon', 'Wilk', '076092844'),
('40071541277', 'Konrad', 'Baran', '327677544'),
('93122104693', 'Eryk', 'Bukowski', '174620243'),
('66101346533', 'Marian', 'Majewski', '848073561'),
('78010392383', 'Dorota', 'Łukasik', '720966611'),
('24102948963', 'Violetta', 'Dziedzic', '723014202'),
('71011658432', 'Andrzej', 'Olejniczak', '517981802'),
('22100744369', 'Marzena', 'Mazur', '273084858')

INSERT INTO Klienci VALUES
('93011904788', 'agata.kania@op.pl'),
('81072745314', 'ireneusz.kasprzak@onet.pl'),
('20082281942', 'hildegarda.kowalewska@op.pl'),
('31072069990', 'erwin.kołodziej@wp.pl'),
('10300356413', 'benedykt.górecki@interia.pl'),
('86072900736', 'feliks.jankowski@onet.pl'),
('73082903518', 'teodor.polak@op.pl'),
('37081804911', 'gracjan.krupa@interia.pl'),
('08230862902', 'lucyna.jasińska@interia.pl'),
('35020376651', 'dorian.markowski@onet.pl'),
('22110855460', 'adrianna.bielecka@interia.pl'),
('50021223412', 'norbert.owczarek@outlook.com'),
('40071541277', 'konrad.baran@wp.pl'),
('93122104693', 'eryk.bukowski@outlook.com'),
('24102948963', 'violetta.dziedzic@interia.pl'),
('71011658432', 'andrzej.olejniczak@yahoo.com')

INSERT INTO Pracownicy VALUES
('36070142243', '0', 'specjalista ds. nieruchomości'),
('94081458182', '0', 'agent nieruchomości'),
('42071294964', '0', 'specjalista ds. nieruchomości'),
('51050368561', '0', 'specjalista ds. nieruchomości'),
('38051554568', '0', 'specjalista ds. nieruchomości'),
('06222615688', '0', 'rzeczoznawca nieruchomości'),
('65020548648', '0', 'doradca klienta'),
('98032847584', '0', 'agent nieruchomości'),
('72072732965', '0', 'doradca klienta'),
('08211717919', '0', 'agent nieruchomości'),
('84091587387', '0', 'specjalista ds. nieruchomości'),
('14270861456', '0', 'menedżer ds. nieruchomości'),
('72060266230', '0', 'agent nieruchomości'),
('66101346533', '0', 'specjalista ds. nieruchomości'),
('78010392383', '0', 'doradca klienta'),
('22100744369', '0', 'menedżer ds. nieruchomości')

INSERT INTO Wszystkie_oferty VALUES
(1, 13, '36070142243', 2023-03-11 18:01:00, 2023-05-29 14:54:00),
(2, 33, '22100744369', 2023-07-25 08:37:00, 2023-12-28 05:01:00),
(3, 49, '42071294964', 2023-09-07 05:09:00, 2023-09-12 01:58:00),
(4, 34, '42071294964', 2023-05-26 11:56:00, 2023-07-28 13:28:00),
(5, 32, '72072732965', 2022-10-16 07:28:00, 2023-12-18 15:00:00),
(6, 20, '14270861456', 2023-07-24 04:11:00, 2023-10-25 00:12:00),
(7, 23, '94081458182', 2023-01-14 15:04:00, 2023-11-20 08:03:00),
(8, 22, '42071294964', 2022-08-08 23:42:00, 2022-11-10 13:30:00),
(9, 15, '98032847584', 2023-06-16 06:09:00, 2023-11-25 10:43:00),
(10, 3, '65020548648', 2023-01-23 04:44:00, 2023-12-29 04:47:00),
(11, 26, '14270861456', 2023-06-19 09:51:00, 2023-06-21 05:05:00),
(12, 47, '38051554568', 2022-07-17 07:53:00, 2022-12-29 05:24:00),
(13, 29, '14270861456', 2022-05-03 01:00:00, 2023-06-17 10:41:00),
(14, 43, '06222615688', 2022-03-06 04:47:00, 2022-07-14 06:43:00),
(15, 42, '38051554568', 2022-01-21 14:13:00, 2022-08-25 22:18:00),
(16, 19, '94081458182', 2022-03-01 21:07:00, 2022-08-04 00:37:00),
(17, 31, '65020548648', 2022-11-19 23:43:00, 2022-12-25 11:49:00),
(18, 9, '78010392383', 2023-10-04 20:42:00, 2023-12-11 14:18:00),
(19, 21, '51050368561', 2023-07-11 17:17:00, 2023-10-26 23:05:00),
(20, 39, '38051554568', 2023-03-09 10:03:00, 2023-05-21 18:05:00),
(21, 14, '08211717919', 2023-07-20 12:15:00, 2023-07-27 21:43:00),
(22, 45, '42071294964', 2023-05-20 06:50:00, 2023-11-24 00:44:00),
(23, 2, '38051554568', 2023-04-21 23:49:00, 2023-12-22 09:07:00),
(24, 10, '84091587387', 2022-05-20 20:29:00, 2022-11-23 08:21:00),
(25, 1, '38051554568', 2022-10-12 13:34:00, 2023-10-14 06:45:00),
(26, 11, '66101346533', 2022-11-20 03:38:00, 2022-12-27 10:14:00),
(27, 6, '14270861456', 2022-12-09 00:09:00, 2022-12-23 01:57:00),
(28, 28, '65020548648', 2022-04-16 15:30:00, 2023-12-19 06:05:00),
(29, 18, '72072732965', 2023-02-14 12:13:00, 2023-05-25 22:52:00),
(30, 40, '94081458182', 2022-06-04 09:28:00, 2023-11-20 07:06:00),
(31, 5, '84091587387', 2022-03-23 01:14:00, 2022-04-29 14:55:00),
(32, 38, '42071294964', 2022-08-28 04:25:00, 2022-08-29 00:22:00),
(33, 50, '36070142243', 2022-07-01 01:41:00, 2022-10-24 02:39:00),
(34, 36, '36070142243', 2023-06-25 07:52:00, 2023-07-28 10:57:00),
(35, 27, '06222615688', 2023-09-12 05:32:00, 2023-09-15 12:25:00),
(36, 16, '38051554568', 2023-12-28 15:41:00, 2023-12-29 02:00:00),
(37, 35, '06222615688', 2023-05-08 15:27:00, 2023-12-29 11:45:00),
(38, 12, '94081458182', 2022-01-10 21:05:00, 2022-11-19 00:36:00),
(39, 46, '94081458182', 2022-01-28 22:06:00, 2023-02-29 21:49:00),
(40, 24, '38051554568', 2023-01-28 08:42:00, 2023-03-29 14:07:00),
(41, 41, '94081458182', 2023-02-18 16:49:00, 2023-12-24 02:26:00),
(42, 8, '94081458182', 2022-07-01 00:48:00, 2023-10-12 11:32:00),
(43, 44, '72072732965', 2023-03-26 13:27:00, 2023-08-29 00:42:00),
(44, 4, '78010392383', 2022-09-07 12:51:00, 2022-12-10 16:08:00),
(45, 48, '08211717919', 2023-05-23 11:38:00, 2023-10-26 17:43:00),
(46, 25, '78010392383', 2022-03-08 04:14:00, 2022-07-09 13:57:00),
(47, 7, '66101346533', 2022-01-28 14:31:00, 2023-04-29 11:46:00),
(48, 37, '65020548648', 2022-06-03 11:50:00, 2023-08-06 20:17:00),
(49, 17, '66101346533', 2022-07-25 14:22:00, 2023-08-29 05:07:00),
(50, 30, '14270861456', 2023-11-10 03:33:00, 2023-11-16 20:57:00)